34078,34078,Beechmont Toyota,https://www.beechmonttoyota.com,22,OH,39.071617,-84.314085
34089,34089,Joseph Toyota of Cincinnati,https://www.josephtoyota.com,22,OH,39.236883,-84.592682
34085,34085,Kings Toyota,https://www.kingstoyota.com,22,OH,39.29334,-84.309744
34044,34044,Performance Toyota,https://www.performancetoyotastore.com,22,OH,39.332041,-84.52006
34073,34073,Walker Toyota,https://www.walkertoyota.com,22,OH,39.627343,-84.226654
47028,47028,Advantage Toyota,https://www.advantagetoyota.com,80,WV,38.415122,-82.259474
34064,34064,Glockner Toyota,https://www.glocknertoyota.com,22,OH,38.769468,-82.986238
47030,47030,Moses Toyota,https://www.mosestoyota.com,80,WV,38.387736,-81.827321
47033,47033,Thornhill Toyota,https://www.thornhilltoyotawv.com,80,WV,37.981765,-81.993041
45079,45079,Ourisman Chantilly Toyota,https://www.ourismanchantillytoyota.com,80,VA,38.904777,-77.461385
45083,45083,AutoNation Toyota Leesburg,https://www.autonationtoyotaleesburg.com,80,VA,39.101158,-77.539629
45050,45050,Koons Tysons Toyota,https://www.koonstoyotatysonscorner.com,80,VA,38.932267,-77.243883
45055,45055,Ourisman Fairfax Toyota,https://www.ourismanfairfaxtoyota.com,80,VA,38.860483,-77.300183
45040,45040,Miller Toyota,https://www.millertoyota.com,80,VA,38.769447,-77.492021
19045,19045,Jim Coleman Toyota,https://www.jimcolemantoyota.com,80,MD,39.0278,-77.145883
45016,45016,Bill Page Toyota,https://www.billpagetoyota.com,80,VA,38.870871,-77.174385
19052,19052,Fitzgeralds Toyota Gaithersburg,https://www.fitzgeraldtoyotagaithersburg.com,80,MD,39.157317,-77.216917
19057,19057,355 Toyota,https://www.355toyota.com,80,MD,39.112833,-77.161917
45069,45069,Koons Arlington Toyota,https://www.koonstoyotaarlington.com,80,VA,38.897098,-77.109169
45023,45023,Priority Toyota Springfield,https://www.prioritytoyotaspringfield.com,80,VA,38.753369,-77.182957
45027,45027,Jack Taylor's Alexandria Toyota,https://www.alexandriatoyota.com,80,VA,38.83936,-77.052836
45088,45088,Warrenton Toyota,https://www.warrentontoyota.com,80,VA,38.732214,-77.771966
45035,45035,Lustine Toyota,https://www.lustinetoyota.com,80,VA,38.642161,-77.265512
19063,19063,DARCARS Toyota of Frederick,https://www.darcarstoyotaoffrederick.com,80,MD,39.376847,-77.408936
19043,19043,DARCARS Toyota,https://www.darcarstoyota.com,80,MD,39.061269,-76.958568
19064,19064,Toyota Certified at Capital Plaza,https://www.toyotacapitalplaza.com,80,MD,38.939801,-76.911437
19066,19066,DARCARS Toyota of Frederick Service Center,http://darcarsfrederick.xigroupauto.com,80,MD,39.416312,-77.441136
19070,19070,Passport Toyota,https://www.passporttoyota.com,80,MD,38.825812,-76.922979
19044,19044,Antwerpen's Toyota,https://www.antwerpentoyota.com,80,MD,39.209586,-76.94244
19076,19076,Sheehy Toyota of Laurel,https://www.sheehytoyotalaurel.com,80,MD,39.128421,-76.822635
45091,45091,Sheehy Toyota of Stafford,https://www.sheehytoyotastafford.com,80,VA,38.466705,-77.41115
19074,19074,Waldorf Toyota,https://www.waldorftoyota.com,80,MD,38.638048,-76.898171
19062,19062,Toyota of Bowie,https://www.toyotaofbowie.com,80,MD,38.95171667,-76.71498333
45089,45089,Malloy Toyota,https://www.malloytoyota.com,80,VA,39.1623,-78.182381
19071,19071,Heritage Toyota Catonsville,https://www.heritagetoyotacatonsville.com,80,MD,39.284568,-76.754916
47021,47021,Apple Valley Toyota,https://www.applevalleytoyota.com,80,WV,39.456903,-77.98679
19028,19028,Younger Toyota,https://www.youngertoyota.com,80,MD,39.603374,-77.685696
19042,19042,Brown's Toyota of Glen Burnie,https://www.brownstoyota.com,80,MD,39.17576,-76.616614
19072,19072,Heritage Toyota Owings Mills,https://www.heritagetoyotaowingsmills.com,80,MD,39.40789,-76.76305
19047,19047,Koons Westminster Toyota,https://www.koonstoyotawestminster.com,80,MD,39.572739,-76.984183
45086,45086,Battlefield Toyota,https://www.battlefieldtoyota.com,80,VA,38.458019,-78.047039
45092,45092,Sheehy Toyota of Fredericksburg,https://www.sheehytoyotafredericksburg.com,80,VA,38.270031,-77.49283
19056,19056,Bayside Toyota,https://www.baysidetoyota.com,80,MD,38.562374,-76.600171
19026,19026,Koons Toyota,https://www.koonstoyotaannapolis.com,80,MD,38.976826,-76.511289
19069,19069,DARCARS Toyota of Baltimore,https://www.darcarstoyotaofbaltimore.com,80,MD,39.28699,-76.54349
19037,19037,Jerry's Toyota,https://www.jerrystoyota.com,80,MD,39.375117,-76.507283
19021,19021,Bill Kidd's Timonium Toyota,https://www.billkiddstoyota.com,80,MD,39.473775,-76.640276
19059,19059,Toyota of Southern Maryland,https://www.toyotasmd.com,80,MD,38.285355,-76.474615
45013,45013,McGeorge Toyota,https://www.mcgeorgetoyota.com,80,VA,37.637461,-77.553081
45074,45074,Mechanicsville Toyota,https://www.mechanicsvilletoyota.com,80,VA,37.613363,-77.3349
45084,45084,Haley Toyota of Richmond CC,https://www.haleycertified.com,80,VA,37.496,-77.5508
45057,45057,Haley Toyota of Richmond,https://www.haleytoyota.com,80,VA,37.426312,-77.624762
45082,45082,Loyalty Toyota,https://www.loyaltytoyotarichmond.com,80,VA,37.306701,-77.394079
45093,45093,Umansky Toyota of Charlottesville,https://www.umanskytoyota.com,80,VA,38.033282,-78.449385
45070,45070,Steven Toyota,https://www.steventoyota.com,80,VA,38.413861,-78.899895
45030,45030,McDonough Toyota,https://www.mcdonoughtoyota.com,80,VA,38.139156,-79.04828
45094,45094,Gloucester Toyota,https://www.gloucestertoyota.com,80,VA,37.375566,-76.534497
45039,45039,Pearson Toyota,https://www.pearsontoyotascion.com,80,VA,37.158597,-76.534578
45076,45076,Casey Toyota,https://www.caseytoyota.com,80,VA,37.350595,-76.733408
45090,45090,Priority Toyota Hampton,https://www.prioritytoyotahampton.com,80,VA,37.037556,-76.406248
45080,45080,First Team Toyota,https://www.firstteamtoyota.com,80,VA,36.865721,-76.415474
45009,45009,Checkered Flag Toyota,https://toyota.checkeredflag.com,80,VA,36.847767,-76.163478
45062,45062,Priority Toyota,https://www.prioritytoyota.com,80,VA,36.791416,-76.240595
45095,45095,Hall Toyota Virginia Beach,https://www.halltoyotavirginiabeach.com,80,VA,36.848624,-76.031605
19075,19075,Hertrich Toyota of Pocomoke,https://www.hertrichtoyotapocomoke.com,80,MD,38.044029,-75.543184
19061,19061,Pohanka Toyota of Salisbury,https://www.pohankatoyotamd.com,80,MD,38.391119,-75.576496
45077,45077,Haley Toyota of Farmville,https://www.haleytoyotafarmville.com,80,VA,37.275376,-78.399684
45085,45085,Berglund Toyota,https://www.berglundtoyota.com,80,VA,37.360769,-79.18004
45053,45053,Haley Toyota,https://www.haleytoyotaofroanoke.com,80,VA,37.285418,-79.937212
45036,45036,Shelor Toyota,https://www.shelortoyota.com,80,VA,37.136254,-80.366507
45087,45087,Nelson Toyota,https://www.toyotasbynelson.com,80,VA,36.740522,-79.95362
45045,45045,Danville Toyota,https://www.danvilletoyota.com,80,VA,36.586434,-79.432969
47018,47018,Ramey Toyota,https://www.rameytoyota.com,80,WV,37.341841,-81.125939
47025,47025,L & S Toyota of Beckley,https://www.lstoyotabeckley.com,80,WV,37.805426,-81.185166
47032,47032,Ball Toyota of Charleston,https://www.balltoyota.com,80,WV,38.370629,-81.671648
37130,37130,Fitzgerald Toyota Chambersburg,https://www.fitzgeraldtoyotachambersburg.com,80,PA,39.925454,-77.62032
47013,47013,Jim Robinson Toyota,https://www.robinsontoyota.net,80,WV,40.063164,-80.586254
34098,34098,Team Toyota,https://www.teamtoyotaohio.com,22,OH,40.375672,-80.631053
37118,37118,South Hills Toyota,https://www.southhillstoyota.com,80,PA,40.253359,-80.170748
37194,37194,Brewer Airport Toyota,https://brewerairporttoyota.com,80,PA,40.50433,-80.223526
37106,37106,Rohrich Toyota,https://www.rohrichtoyota.com,80,PA,40.403531,-80.020037
37187,37187,Ken Ganley Toyota,https://www.kenganleytoyota.com,80,PA,40.318717,-79.941363
37174,37174,North Hills Toyota,https://www.northhillstoyota.com,80,PA,40.540001,-80.012419
47023,47023,University Toyota,https://www.universitytoyota.com,80,WV,39.60773,-79.967852
47012,47012,Superior Toyota,https://www.superiortoyotawv.com,80,WV,39.268278,-81.514403
34069,34069,C & C Toyota,https://www.candctoyota.com,22,OH,39.397096,-81.406315
34101,34101,Don Wood Toyota,https://www.donwoodtoyota.com,22,OH,39.337316,-82.070728
47027,47027,Buckhannon Toyota,https://www.buckhannontoyota.com,80,WV,38.998883,-80.25322
47029,47029,Dan Cava's Toyota World,https://www.cavatoyota.com,80,WV,39.433141,-80.188289
37190,37190,Mike Kelly Toyota of Uniontown,http://www.mikekellytoyota.com,80,PA,39.91208,-79.757717
7009,7009,Newark Toyotaworld,https://www.newarktoyotaworld.com,80,DE,39.687501,-75.745175
7008,7008,Price Toyota,https://www.pricetoyota.com,80,DE,39.674367,-75.595383
37148,37148,Team Toyota of Glen Mills,https://www.teamtoyotaglenmills.com,80,PA,39.882217,-75.540067
37112,37112,Del Toyota,https://www.deltoyota.com,80,PA,39.992825,-75.766383
37172,37172,Conicelli Toyota of Springfield,https://www.conicellitoyotaofspringfield.com,80,PA,39.916267,-75.3363
7005,7005,C F Schwartz Toyota,https://www.cfschwartztoyota.com,80,DE,39.1943,-75.548401
37164,37164,Sloane Toyota of Malvern,https://www.sloanetoyotamalvern.com,80,PA,40.034928,-75.574472
37175,37175,Toyota Certified at Central City,https://www.centralcitytoyota.com,80,PA,39.957406,-75.217488
37066,37066,Ardmore Toyota,https://www.ardmoretoyota.com,80,PA,40.004713,-75.284419
29086,29086,Toyota of Vineland,https://www.toyotaofvineland.com,16,NJ,39.496649,-75.042535
29099,29099,Toyota of Turnersville,https://www.toyotaofturnersville.com,16,NJ,39.729815,-75.032018
19050,19050,Thompson Toyota,https://www.thompsontoyota.com,80,MD,39.433442,-76.330494
29062,29062,Toyota of Runnemede,https://www.toyotaofrunnemede.com,16,NJ,39.846956,-75.07215
19005,19005,Jones Toyota,https://www.jonesjunction-toyota.com,80,MD,39.505013,-76.382334
37114,37114,Conicelli Toyota,https://www.conicellitoyotaofconshohocken.com,80,PA,40.096395,-75.295155
37184,37184,New Holland Toyota,https://www.toyotanewholland.com,80,PA,40.097959,-76.102319
37154,37154,Tri County Toyota,https://www.tricountytoyota.com,80,PA,40.22128,-75.54478
37152,37152,Sloane Toyota of Philadelphia,https://www.sloanetoyotaphiladelphia.com,80,PA,40.05566,-75.074228
29102,29102,Holman Toyota,https://www.holmantoyota.com,16,NJ,39.91802,-74.944225
37101,37101,Sloane Toyota of Glenside,https://www.sloanetoyotaglenside.com,80,PA,40.109767,-75.144183
7012,7012,Hertrich Toyota,https://www.hertrichtoyota.com,80,DE,38.957724,-75.430122
37083,37083,Lancaster Toyota,https://www.lancastertoyota.com,80,PA,40.089469,-76.346564
37125,37125,Faulkner Toyota,https://www.faulknertoyotatrevose.com,80,PA,40.123616,-74.975104
37132,37132,Peruzzi Toyota,https://www.peruzzitoyota.com,80,PA,40.300662,-75.287452
29071,29071,Liberty Toyota,https://www.libertytoyota.com,16,NJ,40.058171,-74.88692
37150,37150,Team Toyota,https://www.teamtoyotalanghorne.com,80,PA,40.164983,-74.9034
37065,37065,Thompson Toyota,https://www.thompsontoyota.net,80,PA,40.330117,-75.133833
37077,37077,Performance Motors Toyota,https://www.performancetoyotapa.com,80,PA,40.32688,-76.041701
19068,19068,Koons Easton Toyota,https://www.koonstoyotaeaston.com,80,MD,38.733104,-76.069144
37126,37126,Toyota of York,https://www.toyotaofyork.com,80,PA,39.983823,-76.685702
37138,37138,Hanover Toyota,https://www.hanovertoyota.com,80,PA,39.839858,-77.006855
37161,37161,Faulkner Toyota,https://www.faulknertoyotaofharrisburg.com,80,PA,40.254055,-76.83055
37149,37149,Bobby Rahal Toyota,https://www.bobbyrahaltoyota.com,80,PA,40.23903,-77.052712
37193,37193,Heritage Toyota Harrisburg,http://www.heritagetoyotaharrisburg.com,80,PA,40.322689,-76.788705
37188,37188,Bennett Toyota of Lebanon,https://www.bennetttoyotaoflebanon.com,80,PA,40.339718,-76.460636
37151,37151,Laurel Toyota,https://www.laureltoyotapa.com,80,PA,40.266769,-78.863245
29075,29075,Sansone Toyota,https://www.sansonestoyota.com,16,NJ,40.592269,-74.274102
29108,29108,Autoland Toyota,https://www.1800toyotaland.com,16,NJ,40.685077,-74.320064
29083,29083,Route 22 Toyota,https://www.route22toyota.com,16,NJ,40.697248,-74.221547
31186,31186,Island Toyota,https://www.islandtoyota.com,16,NY,40.589859,-74.089501
29087,29087,Crystal Toyota,https://www.crystaltoyota.com,16,NJ,40.600317,-74.483117
29090,29090,Hudson Toyota,https://www.hudsontoyota.com,16,NJ,40.717188,-74.095409
29106,29106,DCH Brunswick Toyota,https://www.dchbrunswicktoyota.com,16,NJ,40.45593,-74.479355
31097,31097,Bay Ridge Toyota,https://www.bayridgetoyota.com,16,NY,40.63566,-74.016338
31156,31156,Plaza Toyota,https://www.plazatoyota.com,16,NY,40.61816,-73.945086
29101,29101,Dayton Toyota,https://www.daytontoyota.com,16,NJ,40.375977,-74.501527
29059,29059,Toyota of Morristown,https://www.toyotaofmorristown.com,16,NJ,40.805132,-74.46398
29107,29107,Paul Miller Toyota of West Caldwell,https://www.paulmillertoyota.com,16,NJ,40.855834,-74.31039
31162,31162,Toyota of Manhattan,https://www.toyotaofmanhattan.com,16,NY,40.764211,-73.996124
29105,29105,DCH Freehold Toyota,https://www.dchfreeholdtoyota.com,16,NJ,40.278497,-74.295065
29103,29103,East Coast Toyota,https://www.eastcoasttoyota.com,16,NJ,40.841653,-74.082592
29078,29078,Toyota Universe,https://www.toyotauniverse.com,16,NJ,40.883904,-74.213483
31039,31039,Queensboro Toyota,https://www.queensborotoyota.com,16,NY,40.753871,-73.899891
29031,29031,Galaxy Toyota,https://www.galaxytoyota.net,16,NJ,40.291614,-74.039874
29025,29025,Toyota of Hackensack,https://www.toyotaofhackensack.com,16,NJ,40.886901,-74.039269
31192,31192,Hillside Toyota,https://www.hillsidetoyota.nyc,16,NY,40.704486,-73.815078
29008,29008,Parkway Toyota,https://www.parkwaytoyota.com,16,NJ,40.868421,-73.958307
29037,29037,"Glen Motors, Inc.",https://www.glentoyota.com,16,NJ,40.948616,-74.137978
31121,31121,Fordham Toyota,https://www.fordhamtoyota.com,16,NY,40.861761,-73.910378
29081,29081,Crestmont Toyota,https://www.crestmonttoyota.com,16,NJ,40.975096,-74.289485
31144,31144,Star Toyota of Bayside,https://www.startoyota.net,16,NY,40.75829,-73.778042
29058,29058,Towne Toyota,https://www.townetoyota.com,16,NJ,40.888436,-74.662269
31173,31173,Advantage Toyota,https://www.advantagetoyotany.com,16,NY,40.66368,-73.71606
31161,31161,City World Toyota,https://www.cityworldtoyota.com,16,NY,40.874226,-73.852729
29073,29073,Team Toyota of Princeton,https://www.teamtoyotaprinceton.com,16,NJ,40.271051,-74.711816
29104,29104,Fred Beans Toyota of Flemington,https://www.fredbeanstoyota.com,16,NJ,40.477717,-74.863216
29114,29114,Toyota World of Clinton,https://www.toyotaworldclinton.com,16,NJ,40.675616,-74.915872
29095,29095,Toyota World of Lakewood,https://www.lakewoodtoyota.com,16,NJ,40.083502,-74.173113
29113,29113,Prestige Toyota of Ramsey,https://www.prestigetoyota.com,16,NJ,41.067361,-74.133227
31135,31135,New Rochelle Toyota,https://www.newrochelletoyota.com,16,NY,40.914543,-73.778288
31154,31154,Millennium Toyota,https://www.millenniumtoyota.com,16,NY,40.714606,-73.630242
31138,31138,Westchester Toyota,https://www.westchestertoyota.com,16,NY,40.972936,-73.834946
31076,31076,Penn Toyota,https://www.penntoyota.com,16,NY,40.807765,-73.632855
31176,31176,Interstate Toyota,https://www.interstatetoyota.net,16,NY,41.109791,-74.08845
31189,31189,Lia Toyota of Rockland,https://www.liatoyotaofrockland.com,16,NY,41.080134,-73.949721
31195,31195,Toyota City,https://www.toyotacityny.com,16,NY,40.954308,-73.717713
31181,31181,Westbury Toyota,https://www.westburytoyota.com,16,NY,40.756051,-73.553812
31191,31191,Toyota of Massapequa,https://www.toyotaofmassapequany.com,16,NY,40.6739,-73.497
29100,29100,Toyota World of Newton,https://www.newtontoyota.com,16,NJ,41.079974,-74.73527
29092,29092,Gateway Toyota,https://www.gatewaytoyota.com,16,NJ,39.956381,-74.168649
6029,6029,Toyota of Greenwich,https://www.toyotaofgreenwich.com,16,CT,41.036442,-73.60276
6052,6052,Toyota of Stamford,https://www.toyotaofstamford.com,16,CT,41.055215,-73.523747
31185,31185,Rivera Toyota of Mt. Kisco,https://www.riveratoyota.com,16,NY,41.219275,-73.717433
31179,31179,Empire Toyota of Huntington,https://www.toyotaofhuntington.com,16,NY,40.835372,-73.371609
31172,31172,Curry Toyota,https://www.currytoyota.com,16,NY,41.308003,-73.877117
31166,31166,Atlantic Toyota,https://www.atlantictoyotany.com,16,NY,40.7206,-73.304364
31011,31011,Johnstons Toyota,https://www.johnstonstoyota.com,16,NY,41.409505,-74.415822
6051,6051,New Country Toyota of Westport,https://www.newcountrywestporttoyota.com,16,CT,41.138034,-73.339284
31105,31105,Smithtown Toyota,https://www.smithtowntoyota.com,16,NY,40.85579,-73.170657
31171,31171,Newburgh Toyota,https://www.newburghtoyota.com,16,NY,41.515671,-74.103191
31183,31183,DCH Wappingers Falls Toyota,https://www.dchwappingerstoyota.com,16,NY,41.580834,-73.90942
6032,6032,Greentree Toyota,https://www.greentreetoyota.com,16,CT,41.424973,-73.419459
37056,37056,Halterman's Toyota,https://www.haltermanstoyota.com,80,PA,41.020325,-75.184665
37153,37153,Koch 33 Toyota,https://www.koch33toyota.com,80,PA,40.700076,-75.287485
29069,29069,Shore Toyota,https://www.shoretoyota.com,16,NJ,39.44389,-74.62752
37067,37067,Bennett Toyota,https://www.bennetttoyotapa.com,80,PA,40.574557,-75.479487
37036,37036,Krause Toyota,https://www.krausetoyota.com,80,PA,40.574529,-75.621806
6042,6042,Hoffman Toyota,https://www.hoffmantoyota.com,16,CT,41.81845,-72.868437
6050,6050,Hartford Toyota,https://www.hartfordtoyota.com,16,CT,41.789824,-72.657709
6022,6022,Stephen Toyota,https://www.stephentoyota.com,16,CT,41.696487,-72.907324
6045,6045,Torrington Toyota,https://www.torringtontoyota.com,16,CT,41.818698,-73.08815
6025,6025,Lynch Toyota,https://www.lynchtoyota.com,16,CT,41.811798,-72.514958
6036,6036,Middletown Toyota,https://www.middletowntoyota.com,16,CT,41.576516,-72.671736
6046,6046,Dowling Toyota of Litchfield,https://www.dowlingtoyota.com,16,CT,41.736171,-73.215514
6053,6053,Curry Toyota,https://www.currytoyotact.com,16,CT,41.56905,-73.098733
6026,6026,"Gale Toyota, Inc.",https://www.galetoyota.com,16,CT,41.994767,-72.573431
6047,6047,WOW Toyota of Wallingford,https://www.wow-toyota.com,16,CT,41.479633,-72.811467
20016,20016,Balise Toyota,https://www.balisetoyota.com/,17,MA,42.142538,-72.62707
6049,6049,Toyota of Colchester,https://www.toyotaofcolchester.com,16,CT,41.579941,-72.341886
20123,20123,Lia Toyota,https://www.liatoyotaofwilbraham.com,17,MA,42.150448,-72.46717
6002,6002,A-1 Toyota,https://www.a1toyota.com,16,CT,41.335911,-72.978339
20133,20133,Lia Toyota of Northampton,https://www.liatoyotaofnorthampton.com,17,MA,42.331217,-72.634626
6040,6040,Colonial Toyota,https://www.colonialtoyotact.com,16,CT,41.228373,-73.069176
6043,6043,Westbrook Toyota,https://www.westbrooktoyota.com,16,CT,41.29035,-72.442205
6037,6037,Charles Toyota,https://www.charlestoyota.com,16,CT,41.503778,-72.091477
20049,20049,Haddad Toyota,https://www.haddadtoyota.com,17,MA,42.40709,-73.263868
6015,6015,Girard Toyota-BMW,https://www.girardtoyota.com,16,CT,41.36469,-72.115931
20142,20142,McGee Toyota of Dudley,https://www.mcgeetoyotaofdudley.com,17,MA,42.040488,-71.91146
20117,20117,Herb Chambers Toyota of Auburn,https://www.herbchamberstoyotaofauburn.com,17,MA,42.180687,-71.863999
38025,38025,Valenti Toyota,https://www.valentitoyota.com,17,RI,41.350573,-71.768238
38024,38024,Tarbox Toyota,https://www.tarboxtoyota.com,17,RI,41.600766,-71.497203
38029,38029,Toyota of Smithfield,https://www.toyotaofsmithfield.com,17,RI,41.935296,-71.491401
38026,38026,Balise Toyota of Warwick,https://www.balisetoyotaofwarwick.com,17,RI,41.742346,-71.429872
38030,38030,Grieco Toyota,https://www.griecotoyota.com,17,RI,41.820453,-71.362443
20101,20101,Harr Toyota,https://www.harrtoyota.com,17,MA,42.2901,-71.8034
20144,20144,Boch Toyota South,https://www.bochtoyotasouth.com,17,MA,41.95932,-71.341372
20145,20145,Imperial Toyota,https://www.imperialtoyotama.com,17,MA,42.159,-71.4955
20058,20058,"Westboro Toyota, Inc.",https://www.westborotoyota.com,17,MA,42.2835,-71.645
20140,20140,"Bristol Toyota, Inc.",https://www.bristoltoyota.com,17,MA,41.768517,-71.262656
38031,38031,Langway Toyota of Newport,https://www.langwaytoyotaofnewport.com,17,RI,41.519263,-71.291446
31139,31139,Riverhead Toyota,https://www.riverheadtoyota.com,16,NY,40.924133,-72.69902
31190,31190,Sunrise Toyota North,https://www.sunrisetoyotanorth.com,16,NY,40.88373,-72.938763
31178,31178,Sunrise Toyota,https://www.sunrisetoyota.com,16,NY,40.748152,-73.141489
28021,28021,Bill Dube Toyota,https://www.billdubetoyota.com,17,NH,43.1724,-70.85966
28020,28020,Rochester Toyota,https://www.rochestertoyota.net,17,NH,43.327738,-71.004977
28035,28035,Toyota of Portsmouth,https://www.toyotaofportsmouth.com,17,NH,43.0584,-70.7723
28040,28040,McGee Toyota of Epping,https://www.mcgeetoyotaofepping.com,17,NH,43.028061,-71.075293
18036,18036,Prime Toyota,https://www.primetoyotasaco.com,17,ME,43.5301,-70.4255
28012,28012,Grappone Toyota,https://www.grapponetoyota.com,17,NH,43.170513,-71.526577
28024,28024,Irwin Toyota,https://www.irwinzonetoyota.com,17,NH,43.536206,-71.466192
28036,28036,Ira Toyota of Manchester,https://www.toyotaofmanchesternh.com,17,NH,42.952,-71.4383
18037,18037,Berlin City Toyota of Portland,https://www.berlincitytoyotame.com,17,ME,43.683,-70.3259
20006,20006,Jaffarian Volvo Toyota,https://www.jaffarian-toyota.com,17,MA,42.765439,-71.105303
28028,28028,Rockingham Toyota,https://www.rockinghamtoyota.com,17,NH,42.7489,-71.2042
28038,28038,Toyota of Nashua,https://www.toyotaofnashua.com,17,NH,42.728407,-71.445614
18035,18035,Lee Toyota,https://www.leetoyota.com,17,ME,43.9377,-69.9659
18034,18034,Emerson Toyota,https://www.emersontoyota.com,17,ME,44.135896,-70.226271
18033,18033,Charlie's Toyota,https://www.charliestoyota.com,17,ME,44.319908,-69.821521
18032,18032,Central Maine Toyota,https://www.cmtoy.com,17,ME,44.542987,-69.674602
18023,18023,Shepard Toyota,https://www.shepardtoyota.com,17,ME,44.093668,-69.139592
18010,18010,Down East Toyota,https://www.downeasttoyota.com,17,ME,44.777185,-68.73465
18031,18031,York Toyota,https://www.yorkstoyota.com,17,ME,46.146959,-67.840005
20134,20134,Toyota of Greenfield,https://www.toyotaofgreenfield.com,17,MA,42.586759,-72.609309
20009,20009,K-M Toyota,https://www.kmmotors.com,17,MA,42.700592,-73.11622
31024,31024,Kinderhook Toyota,https://www.kinderhooktoyota.com,16,NY,42.332788,-73.703578
44025,44025,Coggins Toyota of Bennington,https://www.cogginstoyotaofbennington.com,17,VT,42.909903,-73.220763
31188,31188,Northway Toyota,https://www.northwaytoyota.com,16,NY,42.741769,-73.761767
31132,31132,New Country Toyota of Clifton Park,https://www.toyotaofcliftonpark.com,16,NY,42.870695,-73.725193
31119,31119,Lia Toyota of Colonie,https://www.liatoyotaofcolonie.com,16,NY,42.755822,-73.876879
28029,28029,Toyota of Keene,https://www.toyotakeene.com,17,NH,42.875373,-72.231658
44024,44024,Faith's Toyota Ford,https://www.faithstoyota.com,17,VT,43.1088,-72.4416
20139,20139,Prime Toyota Route 2,https://www.primetoyotart2.com,17,MA,42.518608,-71.69445
20146,20146,Acton Toyota of Littleton,https://www.actontoyota.com,17,MA,42.543493,-71.465528
20109,20109,Bernardi Toyota,https://www.bernarditoyota.com,17,MA,42.2957,-71.4713
20129,20129,Ira Toyota II,https://www.toyotaoftewksbury.com,17,MA,42.620139,-71.25589
20102,20102,Lexington Toyota,https://www.lexingtontoyota.com,17,MA,42.427817,-71.20111
20113,20113,Toyota of Wellesley,https://www.wellesleytoyota.com,17,MA,42.315054,-71.249542
20087,20087,Woburn Toyota,https://www.woburntoyota.com,17,MA,42.5015,-71.1277
20019,20019,Toyota of Watertown,https://www.toyotaofwatertown.com,17,MA,42.364367,-71.177262
20126,20126,Herb Chambers Toyota of Boston,https://www.herbchamberstoyotaofboston.com,17,MA,42.352217,-71.126462
20135,20135,Prime Toyota - Boston,https://www.primetoyotacars.com,17,MA,42.265918,-71.168648
20141,20141,Boch Toyota,https://www.bochtoyota.com,17,MA,42.201833,-71.18773
20127,20127,Ira Toyota,https://www.toyotaofdanvers.com,17,MA,42.554821,-70.962188
20116,20116,Expressway Toyota,https://www.expresswaytoyota.com,17,MA,42.298738,-71.049101
20093,20093,Atlantic Toyota,https://www.atlantictoyota.com,17,MA,42.452469,-70.962777
20122,20122,Tufankjian Toyota of Braintree,https://www.toyotaofbraintree.com,17,MA,42.211329,-70.998285
20051,20051,Copeland Toyota,https://www.copelandtoyota.com,17,MA,42.054088,-71.056056
20125,20125,Route 44 Toyota,https://www.route44toyota.com,17,MA,41.905368,-71.022978
20063,20063,McGee Toyota,https://www.mcgeetoyota.com,17,MA,42.1289,-70.8326
20111,20111,Sullivan Brothers Toyota,https://www.sullivanbrotherstoyota.com,17,MA,41.97686,-70.71249
20096,20096,Falmouth Toyota,https://www.falmouthtoyota.com/,17,MA,41.72191,-70.585018
20128,20128,Toyota of Dartmouth,https://www.toyotaofdartmouth.com,17,MA,41.648664,-70.986674
20137,20137,Hyannis Toyota,https://www.hyannistoyota.com,17,MA,41.672575,-70.303282
20138,20138,Orleans Toyota,https://www.orleanstoyota.com,17,MA,41.775415,-70.001471
28037,28037,Berlin City Toyota,https://www.berlincitytoyotanh.com,17,NH,44.41326,-71.195554
44016,44016,White River Toyota,https://www.whiterivertoyota.com,17,VT,43.644272,-72.330095
28039,28039,McGee Toyota of Claremont,https://www.mcgeetoyotaofclaremont.com,17,NH,43.348607,-72.361492
44022,44022,802 Toyota,https://www.802toyota.com,17,VT,44.220376,-72.563585
44020,44020,Alderman's Toyota,https://www.aldermanstoyota.com,17,VT,43.585656,-72.967415
31112,31112,Prestige Toyota,https://www.prestigetoyota-ny.com,16,NY,41.956961,-73.990824
31174,31174,Steet Toyota of Johnstown-Gloversville,https://www.steettoyotajohnstown.com,16,NY,43.023718,-74.360132
31116,31116,New Country Toyota of Saratoga Springs,https://www.toyotaofsaratogasprings.com,16,NY,43.099633,-73.750893
31196,31196,Romeo Toyota of Glens Falls,https://www.romeotoyotaofglensfalls.com,16,NY,43.304193,-73.65974
31180,31180,Della Toyota,https://www.dellatoyota.com,16,NY,44.697232,-73.516205
44013,44013,Handy Toyota,https://www.handytoyota.com,17,VT,44.843521,-73.076824
44014,44014,Heritage Toyota,https://www.heritagetoyotacars.com,17,VT,44.428784,-73.210639
31115,31115,Romano Toyota,https://www.romanotoyota.com,16,NY,43.061924,-76.062393
31088,31088,Burdick Toyota,https://www.burdicktoyota.com,16,NY,43.151723,-76.111666
31194,31194,Fox Toyota,https://www.fox-toyota.com,16,NY,42.947117,-76.548579
31148,31148,Nye Toyota,https://www.nyetoyota.com,16,NY,43.076483,-75.68303
31177,31177,Maguire Toyota,https://www.maguiretoyota.com,16,NY,42.422695,-76.516612
31142,31142,Steet Toyota,https://www.steettoyota.com,16,NY,43.105436,-75.297113
31113,31113,Gault Toyota,https://www.gaulttoyota.com,16,NY,42.107245,-76.037911
31131,31131,Jack Sherman Toyota,https://www.jackshermantoyota.com,16,NY,42.104446,-75.884796
37134,37134,Williams Toyota of Sayre,https://www.williamstoyotaofsayre.com,80,PA,41.98427,-76.543484
31019,31019,Waite Toyota,https://www.waitetoyota.com,16,NY,43.932602,-75.935842
31124,31124,Empire Toyota,https://www.empiretoyota.com,16,NY,42.446514,-75.0126
31175,31175,West Herr Toyota of Williamsville,https://www.toyotawilliamsville.com,16,NY,42.96458,-78.69261
31165,31165,Basil Toyota,https://www.basiltoyota.com,16,NY,43.123751,-78.695558
31167,31167,Toyota of Batavia,https://www.toyotaofbatavia.com,16,NY,43.007262,-78.223445
31068,31068,Northtown Toyota,https://www.northtowntoyota.com,16,NY,42.981706,-78.796624
31160,31160,West Herr Toyota of Orchard Park,https://www.toyotaorchardpark.com,16,NY,42.7712,-78.80782
31168,31168,Fuccillo Toyota,https://www.fuccillotoyota.com,16,NY,43.015246,-78.971947
31136,31136,Vanderstyne Toyota,https://www.vanderstynetoyota.com,16,NY,43.21758,-77.74646
31071,31071,Dorschel Toyota,https://www.dorscheltoyota.com,16,NY,43.086199,-77.637548
37139,37139,Shults Toyota,https://www.shultstoyota.com,80,PA,41.975744,-78.617009
31141,31141,Luv Toyota,https://www.luvtoyota.com,16,NY,42.09807,-79.309315
31069,31069,Hoselton Toyota,https://www.hoseltontoyota.com,16,NY,43.10067,-77.480876
31197,31197,West Herr/Lebrun Toyota,https://www.lebruntoyota.com,16,NY,42.91323,-77.30032
37195,37195,Toyota of Erie,https://www.toyotaoferie.com,80,PA,42.07246,-80.09257
31182,31182,Williams Toyota of Elmira,https://www.williamstoyotaofelmira.com,16,NY,42.155053,-76.871688
34026,34026,Jim White Toyota,https://www.jimwhitetoyota.com,22,OH,41.6754,-83.687922
34102,34102,Coughlin Toyota,https://www.coughlintoyota.com,22,OH,39.991777,-82.476346
34070,34070,Toyota Direct,https://www.toyotadirect.com,22,OH,40.057783,-82.897578
34041,34041,Germain Toyota of Columbus,https://www.germaintoyota.net,22,OH,39.931883,-82.839501
34125,34125,Buckeye Toyota,https://www.mybuckeyetoyota.com,22,OH,39.736966,-82.632087
34025,34025,Tansky Sawmill Toyota,https://www.tanskysawmilltoyota.com,22,OH,40.09528,-83.09117
34120,34120,Byers Toyota,https://www.byerstoyota.com,22,OH,40.270696,-83.070312
34129,34129,Toyota West,https://www.toyotawestohio.com,22,OH,39.921996,-83.123183
34131,34131,Zanesville Toyota,https://www.zanesvilletoyota.com,22,OH,39.981675,-82.018549
34024,34024,Toyota of Logan,https://www.toyotaoflogan.com,22,OH,39.539701,-82.404299
34080,34080,McDaniel Toyota,https://www.mcdanieltoyota.com,22,OH,40.580669,-83.099695
34050,34050,Graham Toyota,https://www.grahamtoyota.com,22,OH,40.767788,-82.564931
34099,34099,Nourse Toyota,https://www.noursetoyota.com,22,OH,39.34733,-82.97475
34127,34127,SVG Toyota,https://www.svgtoyota.com,22,OH,39.516324,-83.4443
34116,34116,Jeff Wyler Toyota of Springfield,https://jeffwylerspringfieldtoyota.net,22,OH,39.941271,-83.846295
34088,34088,LaRiche Toyota,https://www.larichetoyota.com,22,OH,41.053505,-83.616265
34092,34092,Thayer Toyota,https://www.thayertoyota.com,22,OH,41.3973,-83.65111
34126,34126,Yark Toyota,https://www.yarktoyota.com,22,OH,41.5782,-83.663162
34128,34128,Firelands Toyota,https://www.firelandstoyota.com,22,OH,41.42163,-82.67532
34104,34104,Ferris Toyota,https://www.ferristoyota.com,22,OH,40.504293,-81.457155
34123,34123,Toyota of Wooster,https://www.toyotaofwooster.com,22,OH,40.799856,-81.959863
34121,34121,Premier Toyota of Amherst,https://www.premiertoyota.com,22,OH,41.41245,-82.233142
34094,34094,Sunnyside Toyota,https://www.sunnysidetoyota.com,22,OH,41.41755,-81.920638
34036,34036,Metro Toyota,https://www.metrotoyota.com,22,OH,41.418133,-81.787063
34090,34090,Brunswick Toyota,https://www.brunswickautomarttoyota.com,22,OH,41.23975,-81.797097
34118,34118,Toyota of Bedford,https://www.toyotaofbedford.com,22,OH,41.4042,-81.549432
34107,34107,Motorcars Toyota,https://www.motorcarstoyota.com,22,OH,41.513833,-81.573522
34124,34124,Summit Toyota of Akron,https://www.summittoyotaofakron.com,22,OH,41.063552,-81.576654
34109,34109,Ganley Toyota,https://www.ganleytoyota.com,22,OH,41.063883,-81.477328
34037,34037,Don Joseph Toyota,https://www.djtoyota.com,22,OH,41.151767,-81.382242
34093,34093,Classic Toyota,https://www.driveclassictoyota.com,22,OH,41.684417,-81.33458
34006,34006,Cain Toyota,https://www.caintoyota.com,22,OH,40.875699,-81.423805
34067,34067,Nassief  Toyota,https://www.nassieftoyota.com,22,OH,41.752497,-80.768234
34111,34111,Toyota of Warren,https://www.toyotaofwarren.com,22,OH,41.2071,-80.74
34122,34122,Toyota of Boardman,https://www.toyotaofboardman.com,22,OH,40.99951,-80.66331
37186,37186,Taylor Toyota of Hermitage,https://www.hermitagetoyota.com,80,PA,41.233494,-80.457425
37135,37135,Preston Toyota,https://www.prestontoyota.com,80,PA,41.016639,-80.35303
37185,37185,Baierl Toyota,https://www.baierltoyota.com,80,PA,40.670979,-80.09825
37157,37157,Diehl Toyota of Butler,https://www.diehltoyotabutler.com,80,PA,40.813816,-79.927792
37109,37109,Palmiero Toyota,https://www.palmierotoyota.net,80,PA,41.620581,-80.212032
37096,37096,Allegheny Toyota,https://www.alleghenytoyotapa.com,80,PA,41.4051,-79.800632
34130,34130,White's Toyota of Lima,https://www.whitestoyotalima.com,22,OH,40.773265,-84.169095
34096,34096,Voss Toyota,https://www.vosstoyota.com,22,OH,39.70573,-84.01378
34077,34077,Joseph Airport Toyota,https://www.josephairporttoyota.com,22,OH,39.888754,-84.22091
37162,37162,Spitzer Toyota,https://www.spitzertoyota.com,80,PA,40.43664,-79.737096
37189,37189,Cochran Toyota,https://www.cochran.com,80,PA,40.333128,-79.74317
37181,37181,Toyota of Greensburg,https://www.toyotaofgreensburg.com,80,PA,40.29837,-79.481549
37127,37127,Colonial Toyota,https://www.shopcolonialtoyota.com,80,PA,40.6208,-79.195245
37142,37142,Fiore Toyota,https://www.gofioretoyota.com,80,PA,40.451481,-78.394489
37170,37170,Stoltz Toyota of Dubois,https://www.stoltztoyota.com,80,PA,41.120332,-78.737563
37094,37094,Joel Confer Toyota,https://www.joelconfer.com,80,PA,40.804511,-77.882559
37179,37179,Bobby Rahal Toyota of Lewistown,https://www.bobbyrahaltoyotaoflewistown.com,80,PA,40.617743,-77.565154
37191,37191,Ciocca Toyota of Williamsport,https://www.cioccatoyotaofwilliamsport.com,80,PA,41.23615,-76.812347
37155,37155,Aubrey Alexander Toyota,https://www.aubreyalexandertoyota.com,80,PA,40.827988,-76.84238
37167,37167,Freedom Toyota,https://www.freedomtoyota.com,80,PA,40.560888,-76.000017
37158,37158,Independence Toyota,https://www.independencetoyota.com,80,PA,40.989265,-76.011601
37171,37171,Motorworld Toyota,https://www.motorworldtoyota.com,80,PA,41.254145,-75.837371
37176,37176,Toyota of Scranton,https://www.toyotaofscranton.com,80,PA,41.448044,-75.642316
